SegmentID,Pipe Type,Date of Installation,Date of Last Repair,Date of Last Road Work,Direction,Latitude,Longitude,ConnectionID,Parent Pipe
New Segment,City Pipe Main,2024-11-15,2024-11-15,2024-11-15,South,52.13355414392256, 4.659576386638879,,
57954d55-957a-4144-bce1-b582417f7bd3,City Pipe Main,2021-08-31 00:00:00,2021-08-31 00:00:00,2021-08-31 00:00:00,North,52.13355414392256,4.659605586638879,,New Segment
8317d426-99fb-4175-9d9c-7b2c015d5762,City Pipe Main,1991-10-21 00:00:00,1991-10-21 00:00:00,2002-09-12 00:00:00,East,52.13355414392256,4.659634786638879,,57954d55-957a-4144-bce1-b582417f7bd3
b38c419d-0f19-4975-8d7a-d3ff8a77ecbd,City Pipe Main,1982-04-18 00:00:00,2020-12-12 00:00:00,2024-04-09 00:00:00,East,52.13355414392256,4.659664986638879,,8317d426-99fb-4175-9d9c-7b2c015d5762
a8414705-99ee-4986-b13d-16a8a7b302ab,City Pipe Main,2000-12-08 00:00:00,1994-01-30 00:00:00,2022-08-04 00:00:00,North,52.13355414392256,4.659694186638879,,b38c419d-0f19-4975-8d7a-d3ff8a77ecbd
e40eab09-15ae-4676-8833-7b61a8a4d3cf,City Pipe Main,2022-10-26 00:00:00,1967-09-08 00:00:00,1967-09-08 00:00:00,West,52.13355414392256,4.659723386638879,,a8414705-99ee-4986-b13d-16a8a7b302ab
263bcf69-70c8-4f21-80fb-6696028fdd93,City Pipe Main,2008-07-04 00:00:00,1995-11-10 00:00:00,2007-04-17 00:00:00,North,52.13355414392256,4.659752586638879,,e40eab09-15ae-4676-8833-7b61a8a4d3cf
8c19f633-82df-4936-a459-967d5adc182b,City Pipe Main,1988-09-20 00:00:00,2019-12-27 00:00:00,2019-12-27 00:00:00,West,52.13355414392256,4.659781786638879,,263bcf69-70c8-4f21-80fb-6696028fdd93
925f3da7-0a80-424e-b19d-d0582a0902ee,City Pipe Main,1978-01-22 00:00:00,1975-04-30 00:00:00,1975-04-30 00:00:00,North,52.13355474392256,4.659810986638879,,8c19f633-82df-4936-a459-967d5adc182b
c4a2b44a-8ae6-4ce6-a513-82f0fee27920,City Pipe Main,1972-05-11 00:00:00,1985-12-10 00:00:00,2015-01-08 00:00:00,West,52.13355554392256,4.659840186638879,,925f3da7-0a80-424e-b19d-d0582a0902ee
e35fc813-63e0-471d-94c5-341fc62c6faf,City Pipe Main,1988-05-07 00:00:00,2019-08-07 00:00:00,2019-08-07 00:00:00,West,52.13355634392256,4.659869386638879,,c4a2b44a-8ae6-4ce6-a513-82f0fee27920
Branch East,City Pipe Main,1992-01-15 00:00:00,2018-11-03 00:00:00,2018-11-03 00:00:00,East,52.13355714392256,4.659898586638879,,e35fc813-63e0-471d-94c5-341fc62c6faf
Branch North,City Pipe Main,1989-04-24 00:00:00,2015-03-27 00:00:00,2015-03-27 00:00:00,West,52.13355794392256,4.659927786638879,,Branch East
6cd985d4-0c25-489e-a4ea-81f30181a6fa,City Pipe Main,1996-07-12 00:00:00,2020-09-21 00:00:00,2020-09-21 00:00:00,West,52.13355874392256,4.659956986638879,,Branch North
ecb9b27a-7ed3-43ff-9e07-87292b5bfcba,City Pipe Main,1988-05-30 00:00:00,2017-02-13 00:00:00,2017-02-13 00:00:00,North,52.13355934392256,4.659986186638879,,6cd985d4-0c25-489e-a4ea-81f30181a6fa
70117b18-45d6-4cff-a837-8c25f8a23a8d,City Pipe Main,2001-06-19 00:00:00,2021-05-18 00:00:00,2021-05-18 00:00:00,East,52.13355994392256,4.660015386638879,,ecb9b27a-7ed3-43ff-9e07-87292b5bfcba
474c830f-406a-4310-b0ca-4409d066ca75,City Pipe Main,1990-09-07 00:00:00,2014-12-25 00:00:00,2014-12-25 00:00:00,East,52.13356054392256,4.660044586638879,,70117b18-45d6-4cff-a837-8c25f8a23a8d
8f1ebff3-1c26-443c-8240-50c50e1f5ced,City Pipe Main,1994-02-01 00:00:00,2016-07-29 00:00:00,2016-07-29 00:00:00,North,52.13356114392256,4.660073786638879,,474c830f-406a-4310-b0ca-4409d066ca75
021799ee-1f88-45f9-b0ab-3231f12cb0a9,City Pipe Main,1988-12-10 00:00:00,2020-03-03 00:00:00,2020-03-03 00:00:00,East,52.13356174392256,4.660102986638879,,8f1ebff3-1c26-443c-8240-50c50e1f5ced
396d2a81-dc46-4c3e-bad5-f14762682828,City Pipe Main,2003-11-08 00:00:00,2019-09-15 00:00:00,2019-09-15 00:00:00,North,52.13356234392256,4.660132186638879,,021799ee-1f88-45f9-b0ab-3231f12cb0a9
f69ab0d3-1a8c-42f1-9b19-c5ea95165949,City Pipe Main,1991-03-28 00:00:00,2015-10-14 00:00:00,2015-10-14 00:00:00,North,52.13356294392256,4.660161386638879,,396d2a81-dc46-4c3e-bad5-f14762682828
a51ef1ed-d2ed-4b0e-b9fd-b79e82c285db,City Pipe Main,1988-06-17 00:00:00,2021-08-22 00:00:00,2021-08-22 00:00:00,North,52.13356354392256,4.660190586638879,,f69ab0d3-1a8c-42f1-9b19-c5ea95165949
bcfe6fbd-1a4b-4b57-82e4-8bbf7c5ec982,City Pipe Main,2004-04-05 00:00:00,2018-02-11 00:00:00,2018-02-11 00:00:00,North,52.13356414392256,4.660219786638879,,a51ef1ed-d2ed-4b0e-b9fd-b79e82c285db
8e1a2408-c639-4f79-9e0a-7a6e32b7fa60,City Pipe Main,1995-08-23 00:00:00,2020-12-02 00:00:00,2020-12-02 00:00:00,North,52.13356474392256,4.660248986638879,,bcfe6fbd-1a4b-4b57-82e4-8bbf7c5ec982
27d2641d-09f3-416d-9805-7265b0b5770e,City Pipe Main,1998-11-09 00:00:00,2017-05-31 00:00:00,2017-05-31 00:00:00,North,52.13356534392256,4.660278186638879,,8e1a2408-c639-4f79-9e0a-7a6e32b7fa60
574f49d2-bc5b-4bdb-befb-42d3b946f973,City Pipe Main,1993-01-14 00:00:00,2020-06-10 00:00:00,2020-06-10 00:00:00,North,52.13356594392256,4.660307386638879,,27d2641d-09f3-416d-9805-7265b0b5770e
6d4f122d-03c1-4bfe-949f-b12d8104e6b3,City Pipe Main,1988-10-21 00:00:00,2022-04-19 00:00:00,2022-04-19 00:00:00,North,52.13356654392256,4.660336586638879,,574f49d2-bc5b-4bdb-befb-42d3b946f973
84b6e79a-5987-4654-9e6a-1ed31717bdb6,City Pipe Main,1997-09-16 00:00:00,2019-01-12 00:00:00,2019-01-12 00:00:00,North,52.13356714392256,4.660365786638879,,6d4f122d-03c1-4bfe-949f-b12d8104e6b3
2188f01f-9bc0-4ff6-9cd0-9f3c3ae1a0a5,City Pipe Main,1999-03-05 00:00:00,2018-06-08 00:00:00,2018-06-08 00:00:00,North,52.13356774392256,4.660394986638879,,84b6e79a-5987-4654-9e6a-1ed31717bdb6

7f4b0d1f-0b9e-4681-8bc9-635b95ecf232,City Pipe Main,1993-08-12 00:00:00,2015-11-22 00:00:00,2015-11-22 00:00:00,North,52.13358570390252,4.660394986638879,,2188f01f-9bc0-4ff6-9cd0-9f3c3ae1a0a5
91a8ec5d-03fc-47fc-8585-92b3272a12a5,City Pipe Main,2000-05-11 00:00:00,2013-12-01 00:00:00,2013-12-01 00:00:00,North,52.13360366388248,4.660394986638879,,7f4b0d1f-0b9e-4681-8bc9-635b95ecf232
267a00f0-bb56-4554-b0b1-89e08a5e03a9,City Pipe Main,2011-09-20 00:00:00,2017-01-10 00:00:00,2017-01-10 00:00:00,North,52.13362162386243,4.660394986638879,,91a8ec5d-03fc-47fc-8585-92b3272a12a5
6e8b8a3b-bebd-453f-a8a7-b8c4ffb22642,City Pipe Main,2007-11-05 00:00:00,2019-06-25 00:00:00,2019-06-25 00:00:00,North,52.13363958384238,4.660394986638879,,267a00f0-bb56-4554-b0b1-89e08a5e03a9
329441fe-81a3-4422-9f06-e5a2b358a3f2,City Pipe Main,1996-02-28 00:00:00,2022-09-17 00:00:00,2022-09-17 00:00:00,North,52.13365754382233,4.660394986638879,,6e8b8a3b-bebd-453f-a8a7-b8c4ffb22642
2a1b7496-8e9b-4a02-8f52-e9a693d845f9,City Pipe Main,1994-06-14 00:00:00,2016-03-11 00:00:00,2016-03-11 00:00:00,North,52.13367550380228,4.660394986638879,,329441fe-81a3-4422-9f06-e5a2b358a3f2
a327b52a-9b1d-4c55-b69f-72beed947ea9,City Pipe Main,2003-01-18 00:00:00,2014-08-02 00:00:00,2014-08-02 00:00:00,North,52.13369346378222,4.660394986638879,,2a1b7496-8e9b-4a02-8f52-e9a693d845f9
3fdb3cc8-bc27-438a-a8bb-10c2db622c2a,City Pipe Main,2010-12-04 00:00:00,2021-02-18 00:00:00,2021-02-18 00:00:00,North,52.13371142376217,4.660394986638879,,a327b52a-9b1d-4c55-b69f-72beed947ea9

3a73a243-e100-4d65-b9e4-9b6a7c6347b7,City Pipe Main,1988-07-13 00:00:00,2016-11-24 00:00:00,2016-11-24 00:00:00,North,52.13356834392256,4.660424186638879,,2188f01f-9bc0-4ff6-9cd0-9f3c3ae1a0a5
a32d5a71-3e4e-4bfe-a6a2-5367d93a5df7,City Pipe Main,2002-10-19 00:00:00,2019-04-07 00:00:00,2019-04-07 00:00:00,North,52.13356894392256,4.660453386638879,,3a73a243-e100-4d65-b9e4-9b6a7c6347b7
826a9315-eaf9-4d6c-bc1c-d9ab6809e241,City Pipe Main,1995-12-31 00:00:00,2021-03-26 00:00:00,2021-03-26 00:00:00,North,52.13356954392256,4.660482586638879,,a32d5a71-3e4e-4bfe-a6a2-5367d93a5df7
3b63c9d3-f21a-4a58-a63b-f7f1e3515e1f,City Pipe Main,1988-03-10 00:00:00,2020-05-14 00:00:00,2020-05-14 00:00:00,North,52.13357014392256,4.660511786638879,,826a9315-eaf9-4d6c-bc1c-d9ab6809e241
8f3e57c8-7b2e-4f8e-b74e-5fbb4e947b30,City Pipe Main,1996-07-24 00:00:00,2021-11-11 00:00:00,2021-11-11 00:00:00,South,52.13356114392256,4.660532286638879,,3b63c9d3-f21a-4a58-a63b-f7f1e3515e1f
d5e5e42f-2c63-4d63-8ebc-88b9fa2ab25a,City Pipe Main,1988-10-03 00:00:00,2019-08-15 00:00:00,2019-08-15 00:00:00,West,52.133552143922564,4.660552786638879,,8f3e57c8-7b2e-4f8e-b74e-5fbb4e947b30
d8a7e89c-8d8e-4f60-bd5b-8e9db12ac5f7,City Pipe Main,2005-01-10 00:00:00,2021-06-30 00:00:00,2021-06-30 00:00:00,East,52.133543143922564,4.660573286638879,,d5e5e42f-2c63-4d63-8ebc-88b9fa2ab25a
d2a8b74b-3d1b-4b9c-89bb-8e8b4e775774,City Pipe Main,2008-08-22 00:00:00,2022-01-12 00:00:00,2022-01-12 00:00:00,North,52.133534143922564,4.660593786638879,,d8a7e89c-8d8e-4f60-bd5b-8e9db12ac5f7
d8a7e89c-8d8e-4f60-bd5b-8e9db12ac5f8,City Pipe Main,2015-04-05 00:00:00,2024-09-20 00:00:00,2024-09-20 00:00:00,South,52.133524143922564,4.660614286638879,,d2a8b74b-3d1b-4b9c-89bb-8e8b4e775774
d8a7e89c-8d8e-4f60-bd5b-8e9db12ac5f9,City Pipe Main,2016-06-15 00:00:00,2024-12-01 00:00:00,2024-12-01 00:00:00,East,52.13352458892256,4.660643486638879,,d8a7e89c-8d8e-4f60-bd5b-8e9db12ac5f8
d8a7e89c-8d8e-4f60-bd5b-8e9db12ac5fa,City Pipe Main,2017-09-09 00:00:00,2025-05-15 00:00:00,2025-05-15 00:00:00,North,52.13352463342256, 4.660672686638879,,d8a7e89c-8d8e-4f60-bd5b-8e9db12ac5f9
d8a7e89c-8d8e-4f60-bd5b-8e9db12ac5fb,City Pipe Main,2018-01-11 00:00:00,2025-08-02 00:00:00,2025-08-02 00:00:00,South,52.13352467792256, 4.660701886638879,,d8a7e89c-8d8e-4f60-bd5b-8e9db12ac5fa
d8a7e89c-8d8e-4f60-bd5b-8e9db12ac5fc,City Pipe Main,2019-12-05 00:00:00,2025-02-18 00:00:00,2025-02-18 00:00:00,West,52.13352472242256, 4.660731086638879,,d8a7e89c-8d8e-4f60-bd5b-8e9db12ac5fb
d8a7e89c-8d8e-4f60-bd5b-8e9db12ac5fd,City Pipe Main,2020-07-21 00:00:00,2025-11-25 00:00:00,2025-11-25 00:00:00,South,52.13352476692256, 4.660760286638879,,d8a7e89c-8d8e-4f60-bd5b-8e9db12ac5fc
d8a7e89c-8d8e-4f60-bd5b-8e9db12ac5fe,City Pipe Main,2021-04-18 00:00:00,2026-01-09 00:00:00,2026-01-09 00:00:00,East,52.13352481142256, 4.660789486638879,,d8a7e89c-8d8e-4f60-bd5b-8e9db12ac5fd
d8a7e89c-8d8e-4f60-bd5b-8e9db12ac5ff,City Pipe Main,2022-10-07 00:00:00,2026-04-13 00:00:00,2026-04-13 00:00:00,North,52.13352485592256, 4.660818686638879,,d8a7e89c-8d8e-4f60-bd5b-8e9db12ac5fe
d8a7e89c-8d8e-4f60-bd5b-8e9db12ac600,City Pipe Main,2023-05-25 00:00:00,2026-09-01 00:00:00,2026-09-01 00:00:00,South,52.13352490042256, 4.660847886638879,,d8a7e89c-8d8e-4f60-bd5b-8e9db12ac5ff
d8a7e89c-8d8e-4f60-bd5b-8e9db12ac601,City Pipe Main,2024-02-11 00:00:00,2027-02-26 00:00:00,2027-02-26 00:00:00,West,52.13352494492256, 4.660877086638879,,d8a7e89c-8d8e-4f60-bd5b-8e9db12ac600
d8a7e89c-8d8e-4f60-bd5b-8e9db12ac602,City Pipe Main,1992-06-03 00:00:00,2002-11-15 00:00:00,2002-11-15 00:00:00,North,52.13352498942256, 4.660906286638879,,d8a7e89c-8d8e-4f60-bd5b-8e9db12ac601
d8a7e89c-8d8e-4f60-bd5b-8e9db12ac603,City Pipe Main,2000-03-25 00:00:00,2010-05-07 00:00:00,2010-05-07 00:00:00,South,52.13352503392256, 4.660935486638879,,d8a7e89c-8d8e-4f60-bd5b-8e9db12ac602
d8a7e89c-8d8e-4f60-bd5b-8e9db12ac604,City Pipe Main,2008-08-13 00:00:00,2019-09-24 00:00:00,2019-09-24 00:00:00,West,52.13352507842256, 4.660964686638879,,d8a7e89c-8d8e-4f60-bd5b-8e9db12ac603
d8a7e89c-8d8e-4f60-bd5b-8e9db12ac60a,City Pipe Main,2012-01-01 00:00:00,2023-05-10 00:00:00,2023-05-10 00:00:00,East,52.13353407842256,4.660985186638879,,d8a7e89c-8d8e-4f60-bd5b-8e9db12ac604
d8a7e89c-8d8e-4f60-bd5b-8e9db12ac60b,City Pipe Main,1997-03-22 00:00:00,2024-12-09 00:00:00,2024-12-09 00:00:00,West,52.13354407842256, 4.661005686638879,,d8a7e89c-8d8e-4f60-bd5b-8e9db12ac60a
d8a7e89c-8d8e-4f60-bd5b-8e9db12ac60c,City Pipe Main,2019-05-17 00:00:00,2022-07-30 00:00:00,2022-07-30 00:00:00,South,52.13355407842256, 4.661026186638879,,d8a7e89c-8d8e-4f60-bd5b-8e9db12ac60b
d8a7e89c-8d8e-4f60-bd5b-8e9db12ac60d,City Pipe Main,2004-11-03 00:00:00,2025-04-06 00:00:00,2025-04-06 00:00:00,North,52.13356407842256, 4.661046686638879,,d8a7e89c-8d8e-4f60-bd5b-8e9db12ac60c
d8a7e89c-8d8e-4f60-bd5b-8e9db12ac60e,City Pipe Main,2014-09-14 00:00:00,2023-11-01 00:00:00,2023-11-01 00:00:00,East,52.13357407842256, 4.661067186638879,,d8a7e89c-8d8e-4f60-bd5b-8e9db12ac60d
d8a7e89c-8d8e-4f60-bd5b-8e9db12ac60f,City Pipe Main,1985-03-22 00:00:00,1995-11-01 00:00:00,1995-11-01 00:00:00,South,52.13357467842256, 4.661096386638879,,d8a7e89c-8d8e-4f60-bd5b-8e9db12ac60e
d8a7e89c-8d8e-4f60-bd5b-8e9db12ac610,City Pipe Main,1987-06-10 00:00:00,1997-12-10 00:00:00,1997-12-10 00:00:00,West,52.13357527842256, 4.661125586638879,,d8a7e89c-8d8e-4f60-bd5b-8e9db12ac60f
d8a7e89c-8d8e-4f60-bd5b-8e9db12ac611,City Pipe Main,1989-07-18 00:00:00,2000-05-15 00:00:00,2000-05-15 00:00:00,North,52.13357587842256, 4.661154786638879,,d8a7e89c-8d8e-4f60-bd5b-8e9db12ac610
d8a7e89c-8d8e-4f60-bd5b-8e9db12ac612,City Pipe Main,1992-11-07 00:00:00,2002-12-03 00:00:00,2002-12-03 00:00:00,East,52.13357647842256, 4.661183986638879,,d8a7e89c-8d8e-4f60-bd5b-8e9db12ac611
d8a7e89c-8d8e-4f60-bd5b-8e9db12ac613,City Pipe Main,1994-01-15 00:00:00,2003-01-29 00:00:00,2003-01-29 00:00:00,South,52.13357707842256, 4.661213186638879,,d8a7e89c-8d8e-4f60-bd5b-8e9db12ac612
d8a7e89c-8d8e-4f60-bd5b-8e9db12ac614,City Pipe Main,1996-02-20 00:00:00,2004-09-13 00:00:00,2004-09-13 00:00:00,West,52.13357767842256, 4.661242386638879,,d8a7e89c-8d8e-4f60-bd5b-8e9db12ac613
d8a7e89c-8d8e-4f60-bd5b-8e9db12ac615,City Pipe Main,1999-08-02 00:00:00,2007-03-22 00:00:00,2007-03-22 00:00:00,North,52.13357827842256, 4.661271586638879,,d8a7e89c-8d8e-4f60-bd5b-8e9db12ac614
d8a7e89c-8d8e-4f60-bd5b-8e9db12ac616,City Pipe Main,2001-04-14 00:00:00,2008-05-05 00:00:00,2008-05-05 00:00:00,East,52.13357887842256, 4.661300786638879,,d8a7e89c-8d8e-4f60-bd5b-8e9db12ac615
d8a7e89c-8d8e-4f60-bd5b-8e9db12ac617,City Pipe Main,2003-10-26 00:00:00,2010-03-18 00:00:00,2010-03-18 00:00:00,South,52.13357947842256, 4.661329986638879,,d8a7e89c-8d8e-4f60-bd5b-8e9db12ac616
d8a7e89c-8d8e-4f60-bd5b-8e9db12ac618,City Pipe Main,2005-05-03 00:00:00,2011-09-22 00:00:00,2011-09-22 00:00:00,West,52.13358007842256, 4.661359186638879,,d8a7e89c-8d8e-4f60-bd5b-8e9db12ac617
d8a7e89c-8d8e-4f60-bd5b-8e9db12ac619,City Pipe Main,2007-01-09 00:00:00,2013-04-12 00:00:00,2013-04-12 00:00:00,North,52.13358067842256, 4.661388386638879,,d8a7e89c-8d8e-4f60-bd5b-8e9db12ac618
d8a7e89c-8d8e-4f60-bd5b-8e9db12ac61a,City Pipe Main,2009-08-16 00:00:00,2014-11-02 00:00:00,2014-11-02 00:00:00,East,52.13358127842256, 4.661417586638879,,d8a7e89c-8d8e-4f60-bd5b-8e9db12ac619
d8a7e89c-8d8e-4f60-bd5b-8e9db12ac61b,City Pipe Main,2010-06-05 00:00:00,2015-03-29 00:00:00,2015-03-29 00:00:00,South,52.13358187842256, 4.661446786638879,,d8a7e89c-8d8e-4f60-bd5b-8e9db12ac61a
d8a7e89c-8d8e-4f60-bd5b-8e9db12ac61c,City Pipe Main,2012-03-02 00:00:00,2016-09-19 00:00:00,2016-09-19 00:00:00,West,52.13358247842256, 4.661475986638879,,d8a7e89c-8d8e-4f60-bd5b-8e9db12ac61b
d8a7e89c-8d8e-4f60-bd5b-8e9db12ac61d,City Pipe Main,2014-02-22 00:00:00,2017-04-09 00:00:00,2017-04-09 00:00:00,North,52.13358307842256, 4.661505186638879,,d8a7e89c-8d8e-4f60-bd5b-8e9db12ac61c
d8a7e89c-8d8e-4f60-bd5b-8e9db12ac61e,City Pipe Main,2015-11-13 00:00:00,2018-10-29 00:00:00,2018-10-29 00:00:00,East,52.13358367842256, 4.661534386638879,,d8a7e89c-8d8e-4f60-bd5b-8e9db12ac61d
d8a7e89c-8d8e-4f60-bd5b-8e9db12ac61f,City Pipe Main,2017-05-09 00:00:00,2020-01-05 00:00:00,2020-01-05 00:00:00,South,52.13358427842256, 4.661563586638879,,d8a7e89c-8d8e-4f60-bd5b-8e9db12ac61e
d8a7e89c-8d8e-4f60-bd5b-8e9db12ac620,City Pipe Main,2018-09-11 00:00:00,2021-04-18 00:00:00,2021-04-18 00:00:00,West,52.13358487842256, 4.661592786638879,,d8a7e89c-8d8e-4f60-bd5b-8e9db12ac61f
d8a7e89c-8d8e-4f60-bd5b-8e9db12ac621,City Pipe Main,2019-06-14 00:00:00,2022-01-28 00:00:00,2022-01-28 00:00:00,North,52.13358547842256, 4.661621986638879,,d8a7e89c-8d8e-4f60-bd5b-8e9db12ac620
d8a7e89c-8d8e-4f60-bd5b-8e9db12ac622,City Pipe Main,2020-10-23 00:00:00,2023-04-03 00:00:00,2023-04-03 00:00:00,East,52.13358607842256, 4.661651186638879,,d8a7e89c-8d8e-4f60-bd5b-8e9db12ac621
d8a7e89c-8d8e-4f60-bd5b-8e9db12ac623,City Pipe Main,2004-02-19 00:00:00,2007-06-11 00:00:00,2007-06-11 00:00:00,East,52.13358667842256,4.661680386638879,,d8a7e89c-8d8e-4f60-bd5b-8e9db12ac622
d8a7e89c-8d8e-4f60-bd5b-8e9db12ac624,City Pipe Main,2009-09-05 00:00:00,2012-12-14 00:00:00,2012-12-14 00:00:00,South,52.13358727842256,4.661709586638879,,d8a7e89c-8d8e-4f60-bd5b-8e9db12ac623
d8a7e89c-8d8e-4f60-bd5b-8e9db12ac625,City Pipe Main,2012-11-22 00:00:00,2015-07-06 00:00:00,2015-07-06 00:00:00,West,52.13358787842256,4.661738786638879,,d8a7e89c-8d8e-4f60-bd5b-8e9db12ac624
d8a7e89c-8d8e-4f60-bd5b-8e9db12ac626,City Pipe Main,2014-05-18 00:00:00,2017-04-15 00:00:00,2017-04-15 00:00:00,North,52.13358847842256,4.661767986638879,,d8a7e89c-8d8e-4f60-bd5b-8e9db12ac625
d8a7e89c-8d8e-4f60-bd5b-8e9db12ac627,City Pipe Main,2016-10-12 00:00:00,2019-03-22 00:00:00,2019-03-22 00:00:00,East,52.13358907842256,4.661797186638879,,d8a7e89c-8d8e-4f60-bd5b-8e9db12ac626
d8a7e89c-8d8e-4f60-bd5b-8e9db12ac628,City Pipe Main,2001-04-09 00:00:00,2004-11-14 00:00:00,2004-11-14 00:00:00,South,52.13358967842256,4.661826386638879,,d8a7e89c-8d8e-4f60-bd5b-8e9db12ac627
d8a7e89c-8d8e-4f60-bd5b-8e9db12ac629,City Pipe Main,2011-07-20 00:00:00,2014-02-10 00:00:00,2014-02-10 00:00:00,West,52.13359027842256,4.661855586638879,,d8a7e89c-8d8e-4f60-bd5b-8e9db12ac628
d8a7e89c-8d8e-4f60-bd5b-8e9db12acc29,City Pipe Main,1987-02-13 00:00:00,1990-11-23 00:00:00,1990-11-23 00:00:00,North,52.133608238417515,4.661855586638879,,d8a7e89c-8d8e-4f60-bd5b-8e9db12ac629
d8a7e89c-8d8e-4f60-bd5b-8e9db12ac62b,City Pipe Main,1995-05-06 00:00:00,1998-01-19 00:00:00,1998-01-19 00:00:00,East,52.13362619841247,4.661855586638879,,d8a7e89c-8d8e-4f60-bd5b-8e9db12acc29
d8a7e89c-8d8e-4f60-bd5b-8e9db12ac62c,City Pipe Main,2000-06-15 00:00:00,2003-03-09 00:00:00,2003-03-09 00:00:00,South,52.133644158407425,4.661855586638879,,d8a7e89c-8d8e-4f60-bd5b-8e9db12ac62b
d8a7e89c-8d8e-4f60-bd5b-8e9db12ac62d,City Pipe Main,2004-09-03 00:00:00,2007-02-15 00:00:00,2007-02-15 00:00:00,West,52.13366211840238,4.661855586638879,,d8a7e89c-8d8e-4f60-bd5b-8e9db12ac62c
d8a7e89c-8d8e-4f60-bd5b-8e9db12ac62e,City Pipe Main,2009-08-22 00:00:00,2012-03-19 00:00:00,2012-03-19 00:00:00,North,52.133680078397334,4.661855586638879,,d8a7e89c-8d8e-4f60-bd5b-8e9db12ac62d
d8a7e89c-8d8e-4f60-bd5b-8e9db12ac62f,City Pipe Main,2011-10-05 00:00:00,2014-03-24 00:00:00,2014-03-24 00:00:00,East,52.13369803839229,4.661855586638879,,d8a7e89c-8d8e-4f60-bd5b-8e9db12ac62e
d8a7e89c-8d8e-4f60-bd5b-8e9db12ac630,City Pipe Main,2013-02-11 00:00:00,2016-04-13 00:00:00,2016-04-13 00:00:00,South,52.13371599838724,4.661855586638879,,d8a7e89c-8d8e-4f60-bd5b-8e9db12ac62f
d8a7e89c-8d8e-4f60-bd5b-8e9db12ac631,City Pipe Main,2014-06-12 00:00:00,2017-05-07 00:00:00,2017-05-07 00:00:00,West,52.133733958382195,4.661855586638879,,d8a7e89c-8d8e-4f60-bd5b-8e9db12ac630
d8a7e89c-8d8e-4f60-bd5b-8e9db12ac632,City Pipe Main,2015-08-16 00:00:00,2018-06-22 00:00:00,2018-06-22 00:00:00,North,52.13375191837715,4.661855586638879,,d8a7e89c-8d8e-4f60-bd5b-8e9db12ac631
d8a7e89c-8d8e-4f60-bd5b-8e9db12ac633,City Pipe Main,2016-09-30 00:00:00,2019-12-14 00:00:00,2019-12-14 00:00:00,East,52.1337698783721,4.661855586638879,,d8a7e89c-8d8e-4f60-bd5b-8e9db12ac632
d8a7e89c-8d8e-4f60-bd5b-8e9db12ac634,City Pipe Main,2023-01-02 00:00:00,2023-07-06 00:00:00,2023-07-06 00:00:00,North,52.13378783836705,4.661855586638879,,d8a7e89c-8d8e-4f60-bd5b-8e9db12ac633
d8a7e89c-8d8e-4f60-bd5b-8e9db12ac635,City Pipe Main,2023-03-14 00:00:00,2023-09-28 00:00:00,2023-09-28 00:00:00,East,52.133805798362,4.661855586638879,,d8a7e89c-8d8e-4f60-bd5b-8e9db12ac634
d8a7e89c-8d8e-4f60-bd5b-8e9db12ac636,City Pipe Main,2023-05-25 00:00:00,2023-11-09 00:00:00,2023-11-09 00:00:00,South,52.13382375835696,4.661855586638879,,d8a7e89c-8d8e-4f60-bd5b-8e9db12ac635
d8a7e89c-8d8e-4f60-bd5b-8e9db12ac637,City Pipe Main,2023-06-29 00:00:00,2023-12-13 00:00:00,2023-12-13 00:00:00,West,52.13384171835191,4.661855586638879,,d8a7e89c-8d8e-4f60-bd5b-8e9db12ac636
d8a7e89c-8d8e-4f60-bd5b-8e9db12ac638,City Pipe Main,2023-08-01 00:00:00,2024-01-17 00:00:00,2024-01-17 00:00:00,North,52.13385967834687,4.661855586638879,,d8a7e89c-8d8e-4f60-bd5b-8e9db12ac637
d8a7e89c-8d8e-4f60-bd5b-8e9db12ac639,City Pipe Main,2023-09-13 00:00:00,2024-02-01 00:00:00,2024-02-01 00:00:00,East,52.133877638341825,4.661855586638879,,d8a7e89c-8d8e-4f60-bd5b-8e9db12ac638
d8a7e89c-8d8e-4f60-bd5b-8e9db12ac63a,City Pipe Main,2023-10-23 00:00:00,2024-03-11 00:00:00,2024-03-11 00:00:00,South,52.13389559833678,4.661855586638879,,d8a7e89c-8d8e-4f60-bd5b-8e9db12ac639
d8a7e89c-8d8e-4f60-bd5b-8e9db12ac63b,City Pipe Main,2023-11-15 00:00:00,2024-04-02 00:00:00,2024-04-02 00:00:00,West,52.133913558331734,4.661855586638879,,d8a7e89c-8d8e-4f60-bd5b-8e9db12ac63a
d8a7e89c-8d8e-4f60-bd5b-8e9db12ac63c,City Pipe Main,2023-12-11 00:00:00,2024-04-30 00:00:00,2024-04-30 00:00:00,North,52.13393151832669,4.661855586638879,,d8a7e89c-8d8e-4f60-bd5b-8e9db12ac63b
d8a7e89c-8d8e-4f60-bd5b-8e9db12ac63d,City Pipe Main,2024-01-04 00:00:00,2024-05-20 00:00:00,2024-05-20 00:00:00,East,52.13394947832164,4.661855586638879,,d8a7e89c-8d8e-4f60-bd5b-8e9db12ac63c
d8a7e89c-8d8e-4f60-bd5b-8e9db12ac63e,City Pipe Main,2024-02-07 00:00:00,2024-06-15 00:00:00,2024-06-15 00:00:00,South,52.1339674383166,4.661855586638879,,d8a7e89c-8d8e-4f60-bd5b-8e9db12ac63d
d8a7e89c-8d8e-4f60-bd5b-8e9db12ac63f,City Pipe Main,2024-03-10 00:00:00,2024-07-05 00:00:00,2024-07-05 00:00:00,West,52.13398539831155,4.661855586638879,,d8a7e89c-8d8e-4f60-bd5b-8e9db12ac63e
d8a7e89c-8d8e-4f60-bd5b-8e9db12ac640,City Pipe Main,2024-04-18 00:00:00,2024-08-12 00:00:00,2024-08-12 00:00:00,North,52.1340033583065,4.661855586638879,,d8a7e89c-8d8e-4f60-bd5b-8e9db12ac63f
d8a7e89c-8d8e-4f60-bd5b-8e9db12ac641,City Pipe Main,2024-05-13 00:00:00,2024-09-09 00:00:00,2024-09-09 00:00:00,East,52.13402131830145,4.661855586638879,,d8a7e89c-8d8e-4f60-bd5b-8e9db12ac640
d8a7e89c-8d8e-4f60-bd5b-8e9db12ac642,City Pipe Main,2024-06-27 00:00:00,2024-10-04 00:00:00,2024-10-04 00:00:00,South,52.134039278296414,4.661855586638879,,d8a7e89c-8d8e-4f60-bd5b-8e9db12ac641
d8a7e89c-8d8e-4f60-bd5b-8e9db12ac643,City Pipe Main,2024-07-31 00:00:00,2024-10-30 00:00:00,2024-10-30 00:00:00,West,52.13405723829137,4.661855586638879,,d8a7e89c-8d8e-4f60-bd5b-8e9db12ac642
d8a7e89c-8d8e-4f60-bd5b-8e9db12ac644,City Pipe Main,2024-08-22 00:00:00,2024-11-25 00:00:00,2024-11-25 00:00:00,North,52.13407519828632,4.661855586638879,,d8a7e89c-8d8e-4f60-bd5b-8e9db12ac643














