SegmentID,Pipe Type,Date of Installation,Date of Last Repair,Date of Last Road Work,Direction,Latitude,Longitude,ConnectionID,ParentPipe
e119faae-ae74-4da6-9e26-8c826a383c58,Service Line,2013-03-16,1999-09-21,1999-09-21,North,52.13362162386243,4.660394986638879,,
57a63f0e-7c18-487b-99d1-5be36bdaf0a5,Service Line,1967-11-15,1967-11-15,1967-11-15,North,52.13362162386243,4.660365786638879,,e119faae-ae74-4da6-9e26-8c826a383c58
9be18c15-ee70-4de6-999b-b4d6f487dd9c,Service Line,1971-11-20,1971-11-20,2007-09-14,South,52.13362162386243,4.660336586638879,,57a63f0e-7c18-487b-99d1-5be36bdaf0a5
381ba406-9841-4c7e-85d7-59180f19b14a,Service Line,1981-02-02,2010-01-11,2010-01-11,East,52.13362162386243,4.660307386638879,,9be18c15-ee70-4de6-999b-b4d6f487dd9c 

70f14523-2812-475a-b7fd-a007d034faa8,Service Line,2023-10-10,1996-10-09,1996-10-09,East,52.13364856383236,4.660394986638879,
a94f0132-e853-46d9-950f-b6e9f23c47bd,Service Line,1991-06-14,1974-10-06,1974-10-06,West,52.13364856383236,4.660365786638879,,70f14523-2812-475a-b7fd-a007d034faa8
2f073333-58b0-4b36-a87a-865fd3a1e0e8,Service Line,1964-12-04,1974-03-13,1974-03-13,West,52.13364856383236,4.660336586638879,,a94f0132-e853-46d9-950f-b6e9f23c47bd
9b65d0a4-6c84-4068-93a8-a089ea840479,Service Line,2008-02-29,1983-10-02,1984-12-05,South,52.13364856383236,4.660307386638879,,2f073333-58b0-4b36-a87a-865fd3a1e0e8

84d3ecdd-3779-4682-951d-9718a871596e,Service Line,2014-04-21,1967-06-17,1996-11-27,East,52.13367550380228,4.660394986638879,
67cf1375-2ce6-469a-b1ab-4476386043a4,Service Line,1994-07-05,1976-05-27,1976-05-27,East,52.13367550380228,4.660365786638879,,84d3ecdd-3779-4682-951d-9718a871596e
f1f3ab8b-c473-42f6-8e1b-3944cfcb8261,Service Line,1991-02-11,2012-03-15,2012-03-15,East,52.13367550380228,4.660336586638879,,67cf1375-2ce6-469a-b1ab-4476386043a4
274c4189-9f2b-485c-a05b-99415ab2b370,Service Line,2002-09-03,1998-06-01,2007-10-18,East,52.13367550380228,4.660307386638879,,f1f3ab8b-c473-42f6-8e1b-3944cfcb8261

59c7f76b-7fa5-4a74-9c02-7a32048af13d,Service Line,1986-07-28,2000-01-21,2010-04-30,East,52.133702443772195,4.660394986638879,
acbd107f-9474-4694-8a7e-fb7cd1e09c78,Service Line,1999-05-17,2010-08-11,2010-08-11,East,52.133702443772195,4.660365786638879,,59c7f76b-7fa5-4a74-9c02-7a32048af13d
27b8305c-c7c2-4f47-942c-8b2d1b4c8340,Service Line,2015-10-30,2006-09-23,2019-07-12,East,52.133702443772195,4.660336586638879,,acbd107f-9474-4694-8a7e-fb7cd1e09c78
e7eb70fc-b53d-4e20-bae6-8b67b98dcbfa,Service Line,1992-12-09,2020-06-06,2022-08-19,East,52.133702443772195,4.660307386638879,,27b8305c-c7c2-4f47-942c-8b2d1b4c8340

c817c16b-982f-44a1-bd3e-7f7646e5218b,Service Line,2011-03-25,2003-11-09,2018-01-14,East,52.133630603852405,4.660394986638879,,
bf9f2fd6-1c86-4709-90a6-b46d245b2de3,Service Line,2009-01-10,1990-05-04,2004-07-28,East,52.133630603852405,4.660424186638879,,c817c16b-982f-44a1-bd3e-7f7646e5218b
5a87eb9f-69f6-4d44-9ba6-7b4aaac2df19,Service Line,1987-06-16,2002-03-19,2011-09-07,East,52.133630603852405,4.660453386638879,,bf9f2fd6-1c86-4709-90a6-b46d245b2de3
8ff2b510-79e8-4aef-990f-c30c779aef5b,Service Line,2005-12-31,2018-10-22,2021-01-06,East,52.133630603852405,4.660482586638879,,5a87eb9f-69f6-4d44-9ba6-7b4aaac2df19

74824c8c-6d09-44e4-9a4f-4a85c179d764,Service Line,1989-03-19,2021-09-12,2022-06-17,East,52.13364856383236,4.660424186638879,,70f14523-2812-475a-b7fd-a007d034faa8
10469d2b-3b9c-4d90-a5f7-fb4af47fd1e1,Service Line,2004-04-01,1991-07-26,1995-02-14,East,52.13364856383236,4.660453386638879,,74824c8c-6d09-44e4-9a4f-4a85c179d764
aa6f4977-2526-4264-a8a2-cd08c8b91f0f,Service Line,2013-07-18,2015-12-05,2020-02-29,East,52.13364856383236,4.660482586638879,,10469d2b-3b9c-4d90-a5f7-fb4af47fd1e1

b4a215e2-84b7-467b-9f9b-759df7e05ee5,Service Line,2001-01-11,2014-04-23,2014-04-23,East,52.13368448379225,4.660394986638879,
99e876ea-055b-478d-b9c5-d18945c83d73,Service Line,1988-09-09,2017-06-29,2017-06-29,East,52.13368448379225,4.660424186638879,,b4a215e2-84b7-467b-9f9b-759df7e05ee5
ad1e1346-891c-45a1-b1a3-e05ad0700b25,Service Line,2007-06-15,1993-02-06,2011-04-09,East,52.13368448379225,4.660453386638879,,99e876ea-055b-478d-b9c5-d18945c83d73
d3345c56-19df-41c6-90e8-f49cb3709a26,Service Line,1985-03-22,2006-11-30,2009-12-25,East,52.13368448379225,4.660482586638879,,ad1e1346-891c-45a1-b1a3-e05ad0700b25

05f21d2b-d426-445d-9d72-d02b430d17cb,Service Line,1996-10-08,1998-06-11,2013-08-30,East,52.13371142376217,4.660394986638879,
a7bdb9dc-828e-4098-bf47-30b369343c38,Service Line,1990-05-30,1995-03-20,2001-09-01,East,52.13371142376217,4.660424186638879,,05f21d2b-d426-445d-9d72-d02b430d17cb
bca52912-5129-4798-8bcf-4d6fb3ef0ee5,Service Line,2012-02-12,2002-08-24,2022-03-17,East,52.13371142376217,4.660453386638879,,a7bdb9dc-828e-4098-bf47-30b369343c38
7287cc2a-3f3e-4fc6-85aa-ffb945f345eb,Service Line,2000-11-17,2004-10-11,2012-07-15,East,52.13371142376217,4.660482586638879,,bca52912-5129-4798-8bcf-4d6fb3ef0ee5

1a1fd9f1-e78b-44f2-a6f0-69d869334a78,Service Line,1993-09-26,2011-08-03,2011-08-03,East,52.13372489376217,4.660416256638879,,05f21d2b-d426-445d-9d72-d02b430d17cb
44dfde5c-ef60-4f27-8536-b46d9821f998,Service Line,1987-08-19,1992-06-27,2020-10-12,East,52.13373836376217,4.660437526638879,,1a1fd9f1-e78b-44f2-a6f0-69d869334a78
6d9fcb5f-9957-4b66-a6df-e8bc4c5c75d2,Service Line,2008-03-12,2016-04-01,2016-04-01,East,52.13375183376217,4.660458796638879,,44dfde5c-ef60-4f27-8536-b46d9821f998

c86714e8-8ecb-4fd5-90ff-834495315a48,Service Line,1986-02-24,2005-06-18,2023-07-11,East,52.13372489376217,4.660373716638879,,05f21d2b-d426-445d-9d72-d02b430d17cb
2154e467-2bd4-4f62-a85e-f5ab9d7f8950,Service Line,2018-12-27,1994-03-05,2002-10-28,East,52.13373836376217,4.660352446638879,,c86714e8-8ecb-4fd5-90ff-834495315a48
ff64f928-9d6d-4938-9509-3c5e31847d13,Service Line,1998-08-14,2008-02-27,2008-02-27,East,52.13375183376217,4.660331176638879,,2154e467-2bd4-4f62-a85e-f5ab9d7f8950

6bdc473e-65d2-4630-940f-6f4cc0f9483e,Service Line,1989-04-03,1990-01-18,2014-05-05,East,52.13356054392256,4.660015386638879,
9f1c1c0c-cd82-4f92-80cc-4ac64c82bb98,Service Line,2014-11-04,1999-09-30,2014-09-20,East,52.13357854392256,4.660015386638879,,6bdc473e-65d2-4630-940f-6f4cc0f9483e
9f1c1c1c-cd82-4f92-80cc-4ac64c82bb98,Service Line,2014-11-04,1999-09-30,2014-09-20,East,52.133596543922565,4.660015386638879,,9f1c1c0c-cd82-4f92-80cc-4ac64c82bb98
3cbd7c2a-6bda-4c93-9c0f-5fc4e64872b1,Service Line,1995-07-21,2004-02-11,2010-09-06,East,52.13361454392256,4.660015386638879,,9f1c1c1c-cd82-4f92-80cc-4ac64c82bb98
cc1f12e3-8a5c-4fa3-a724-3a4ac53a6885,Service Line,1991-03-14,1998-11-22,2005-06-18,East,52.133632543922566,4.660015386638879,,3cbd7c2a-6bda-4c93-9c0f-5fc4e64872b1
124f88ea-5761-41a3-b6a7-4a3e27a276f5,Service Line,1988-08-25,1993-12-01,2007-03-05,East,52.13365054392256,4.660015386638879,,cc1f12e3-8a5c-4fa3-a724-3a4ac53a6885
ff3e21b2-5c3c-4fc4-8f4b-7a5b72c17b1c,Service Line,2010-09-15,2011-06-17,2018-04-22,East,52.13366854392256,4.660015386638879,,124f88ea-5761-41a3-b6a7-4a3e27a276f5
43b0c5d9-5d2d-42ec-8c2f-3d6f7f5191bc,Service Line,1987-02-05,1991-10-10,2004-08-12,East,52.13368654392256,4.660015386638879,,ff3e21b2-5c3c-4fc4-8f4b-7a5b72c17b1c

8a7f1d42-7e2b-4f61-bc58-4f7e91c5d8f2,Service Line,2015-05-23,2016-08-30,2020-12-19,East,52.133543143922564,4.660573286638879,,
a8c92f76-2e4b-451b-bc4f-5c6f72e19b2a,Service Line,1986-07-18,1992-03-05,2002-01-22,East,52.13356114392256,4.660573286638879,,8a7f1d42-7e2b-4f61-bc58-4f7e91c5d8f2
47f1d2e8-8c4d-4e71-bd4a-6e7b92f5a7c2,Service Line,1998-04-01,2000-09-18,2008-11-08,East,52.13357914392257,4.660573286638879,,a8c92f76-2e4b-451b-bc4f-5c6f72e19b2a
1f2d3e4a-6c4b-4d5a-8d4e-3f6b81e7c5d4,Service Line,2011-02-19,2013-07-25,2017-06-15,East,52.133597143922564,4.660573286638879,,47f1d2e8-8c4d-4e71-bd4a-6e7b92f5a7c2
72f5d4a6-7c5b-4e81-9d4f-2e6c83f7d5b6,Service Line,2009-09-07,2011-12-10,2014-02-28,East,52.13361514392257,4.660573286638879,,1f2d3e4a-6c4b-4d5a-8d4e-3f6b81e7c5d4
2c5d4f6a-8c5b-4d5a-bc5e-3f7e91d5b4a6,Service Line,1997-11-03,2002-06-15,2012-05-01,East,52.133633143922566,4.660573286638879,,72f5d4a6-7c5b-4e81-9d4f-2e6c83f7d5b6
1d3e5f6a-6c4b-4f6a-8c5e-2e6d72f5c4a7,Service Line,1993-05-20,1998-09-11,2009-12-24,East,52.13365114392256,4.660573286638879,,2c5d4f6a-8c5b-4d5a-bc5e-3f7e91d5b4a6
a4b5c6d8-8c5b-4d6a-bc5e-5e7d62f7a5b2,Service Line,2000-12-04,2006-03-22,2016-09-13,East,52.13366914392257,4.660573286638879,,1d3e5f6a-6c4b-4f6a-8c5e-2e6d72f5c4a7
9c3a2f64-d5e4-453f-8cf2-3e6c82f81d34,Service Line,1999-11-14,2003-05-27,2013-10-03,East,52.133687143922565,4.660573286638879,,a4b5c6d8-8c5b-4d6a-bc5e-5e7d62f7a5b2
b7c8d9e2-7c4b-4f8a-bc6e-5f7d82c5a4b6,Service Line,1989-01-20,1995-06-29,2007-10-13,East,52.13370514392256,4.660573286638879,,9c3a2f64-d5e4-453f-8cf2-3e6c82f81d34

b2c3d4e6-7c4b-4e6a-9c5e-3e6d82f7b5c2,Service Line,1992-06-30,1996-05-19,2008-07-21,East,52.13352463342256,4.660672686638879,
5e7f8a9b-8c5d-4d5e-8c6f-2f6e91d5b7a6,Service Line,1985-10-25,1989-08-02,2001-11-18,East,52.133542633422576,4.660672686638879,,b2c3d4e6-7c4b-4e6a-9c5e-3e6d82f7b5c2
6f8a9b2c-7c4b-4e6a-bc5e-5f7d82f5c6a4,Service Line,1996-01-09,1999-11-29,2009-03-08,East,52.13356063342257,4.660672686638879,,5e7f8a9b-8c5d-4d5e-8c6f-2f6e91d5b7a6
d7a8b9c2-6c5b-4f7a-8c6e-3e7f72c5a4b6,Service Line,2013-06-18,2016-01-14,2021-04-03,East,52.133578633422566,4.660672686638879,,6f8a9b2c-7c4b-4e6a-bc5e-5f7d82f5c6a4
8a9b2c3d-8c4b-4e6f-bc5e-5e6f92d7b5a6,Service Line,2004-03-11,2008-05-06,2015-12-20,East,52.13359663342256,4.660672686638879,,d7a8b9c2-6c5b-4f7a-8c6e-3e7f72c5a4b6
9b2c3d4e-7c4b-4d6a-9c5e-4f7d82c5b6a7,Service Line,1986-11-08,1991-02-25,2003-07-12,East,52.13361463342256,4.660672686638879,,8a9b2c3d-8c4b-4e6f-bc5e-5e6f92d7b5a6
2c3d4e5f-6c4b-4e7a-8c5e-3e6f91d5a4b6,Service Line,2017-09-22,2019-11-18,2022-03-27,East,52.133632633422554,4.660672686638879,,9b2c3d4e-7c4b-4d6a-9c5e-4f7d82c5b6a7
a5b6c7d8-8c5d-4e7f-9c6e-4e7d62f5b6a4,Service Line,1994-08-16,1999-03-03,2011-01-31,East,52.13365063342255,4.660672686638879,,2c3d4e5f-6c4b-4e7a-8c5e-3e6f91d5a4b6
c4d5e6f7-8c4b-4d5a-bc5e-4e7f72a6b5c4,Service Line,2008-08-12,2010-03-15,2018-03-11,East,52.133668633422546,4.660672686638879,,a5b6c7d8-8c5d-4e7f-9c6e-4e7d62f5b6a4
c9d8e7f6-6c4b-4e8a-9c6e-2f6e91d7a5b4,Service Line,2006-05-28,2009-10-14,2016-07-25,East,52.13368663342254,4.660672686638879,,c4d5e6f7-8c4b-4d5a-bc5e-4e7f72a6b5c4
bb4a509f-7054-4f43-b6a9-b5e4f202ba1b,Service Line,2015-12-05,2017-03-23,2024-07-14,South,52.13370453342254,4.660672686638879,,c9d8e7f6-6c4b-4e8a-9c6e-2f6e91d7a5b4

8f9a7b6c-8c5d-4e9a-8c6e-5f7d72f5b6a4,Service Line,2010-04-13,2012-02-26,2020-11-09,East,52.13352474467256,4.660745686638879,,
8f9a7b6c-8c5d-4e9a-8c6e-5f7d72f5b6b4,Service Line,2010-04-13,2012-02-26,2020-11-09,East,52.13354264467256,4.660745686638879,,8f9a7b6c-8c5d-4e9a-8c6e-5f7d72f5b6a4
f7d7a9b4-0e22-4dfd-b3c2-2a12b3b23ac9,Service Line,1993-05-11,1997-03-29,2022-07-15,West,52.13356054467256,4.660745686638879,,8f9a7b6c-8c5d-4e9a-8c6e-5f7d72f5b6b4
a21d78b7-22b7-4bbf-a0c7-d865d835cc4e,Service Line,1990-07-25,1993-01-04,2021-12-18,South,52.13357844467256,4.660745686638879,,f7d7a9b4-0e22-4dfd-b3c2-2a12b3b23ac9
b3f69e4b-7cdb-4c93-b5cf-34e3cfbfb5d5,Service Line,2005-02-19,2007-11-23,2020-03-17,East,52.13359634467256,4.660745686638879,,a21d78b7-22b7-4bbf-a0c7-d865d835cc4e
a52896bc-d418-4cfc-a96a-374c10f735d6,Service Line,2016-10-12,2020-04-01,2024-09-06,North,52.13361424467256,4.660745686638879,,b3f69e4b-7cdb-4c93-b5cf-34e3cfbfb5d5
f3ac5179-5330-4d9b-a5bb-35c97a29f83a,Service Line,1989-02-07,1993-07-25,2023-11-28,South,52.13363214467256,4.660745686638879,,a52896bc-d418-4cfc-a96a-374c10f735d6
6f1c5a2d-8727-4231-a973-e75a1d35e812,Service Line,2001-04-17,2005-09-14,2021-06-10,West,52.13365004467256,4.660745686638879,,f3ac5179-5330-4d9b-a5bb-35c97a29f83a
1ff19b13-9d31-4f0f-a482-9f487125be26,Service Line,1995-06-22,1999-12-08,2024-05-20,North,52.13366794467256,4.660745686638879,,6f1c5a2d-8727-4231-a973-e75a1d35e812
e9fc2fbb-e2c0-4e7d-bb0b-15b080451b47,Service Line,2002-08-13,2006-02-26,2020-04-03,East,52.13368584467256,4.660745686638879,,1ff19b13-9d31-4f0f-a482-9f487125be26
89972b90-0702-4604-9a96-70ca773aa5b5,Service Line,2007-07-01,2011-05-06,2024-03-08,North,52.13370374467256, 4.660745686638879,,e9fc2fbb-e2c0-4e7d-bb0b-15b080451b47

59fc0c2b-0fdd-4751-bb47-28761aefaba1,Service Line,2009-11-18,2013-03-10,2023-02-24,West,52.13352487817256,4.660833286638879,,
a1c795d2-6c77-4f53-9243-4c5fa47b5b44,Service Line,2003-05-04,2007-09-13,2021-10-30,East,52.13354277817256, 4.660833286638879,,59fc0c2b-0fdd-4751-bb47-28761aefaba1
b2e7c122-b42f-4631-98b2-7d8c67c44cc5,Service Line,1996-04-19,1999-11-15,2024-02-11,South,52.13356067817256, 4.660833286638879,,a1c795d2-6c77-4f53-9243-4c5fa47b5b44
2386c6e1-fbdf-416f-8d3b-bdfd1b5081ca,Service Line,2012-08-22,2014-04-17,2022-11-14,West,52.13357857817256, 4.660833286638879,,b2e7c122-b42f-4631-98b2-7d8c67c44cc5
7c9e2f39-fb8f-430b-a543-6ff58da722ac,Service Line,1992-02-09,1996-06-25,2023-03-19,North,52.13359647817256, 4.660833286638879,,2386c6e1-fbdf-416f-8d3b-bdfd1b5081ca
d38408a9-7a5a-4f9e-83e5-26368e0f62fc,Service Line,2000-10-29,2004-12-15,2020-07-27,East,52.13361437817256, 4.660833286638879,,7c9e2f39-fb8f-430b-a543-6ff58da722ac
9e4eae2c-7b87-4db5-80f1-1c5f8f394160,Service Line,1994-01-03,1997-07-19,2021-08-22,South,52.13363227817256, 4.660833286638879,,d38408a9-7a5a-4f9e-83e5-26368e0f62fc
9e1d6a0d-5e98-4b89-9cd7-e3fe8e7fddec,Service Line,2004-06-18,2007-09-10,2023-05-10,North,52.13365017817256, 4.660833286638879,,9e4eae2c-7b87-4db5-80f1-1c5f8f394160
c4d6a0a0-9ea3-4a3c-9931-561b2c2332b2,Service Line,1999-10-13,2002-12-05,2024-03-04,East,52.13366807817256, 4.660833286638879,,9e1d6a0d-5e98-4b89-9cd7-e3fe8e7fddec
bfa6a3b9-6b6b-4c7f-9737-6e54027c412e,Service Line,2018-02-25,2022-07-29,2024-01-18,South,52.13368597817256, 4.660833286638879,,c4d6a0a0-9ea3-4a3c-9931-561b2c2332b2
f7ac227f-9e92-4535-8e91-02cf74ab4371,Service Line,1997-08-29,2002-01-03,2021-01-09,West,52.13370387817256, 4.660833286638879,,bfa6a3b9-6b6b-4c7f-9737-6e54027c412e

fa90d10c-dc68-4565-bf5f-0ffaf408ee7a,Service Line,2008-05-22,2012-06-01,2022-09-05,East,52.13352501167256,4.660920886638879,,
fbe01536-3d04-4b8e-9680-9c34fc479a88,Service Line,2006-03-06,2010-09-20,2024-04-26,South,52.13354291167256,4.660920886638879,,fa90d10c-dc68-4565-bf5f-0ffaf408ee7a
035e74b9-4d6d-4d88-899b-37a6f8c4a91f,Service Line,1990-06-11,1993-11-25,2022-06-28,North,52.13356081167256,4.660920886638879,,fbe01536-3d04-4b8e-9680-9c34fc479a88
7785da91-96e1-4112-9e10-5e2ab1a72a4e,Service Line,2007-11-09,2012-01-29,2023-12-14,West,52.13357871167256,4.660920886638879,,035e74b9-4d6d-4d88-899b-37a6f8c4a91f
698ca764-89bb-4b91-bda0-c2d5a381df66,Service Line,1998-07-07,2002-11-03,2024-05-25,East,52.13359661167256,4.660920886638879,,7785da91-96e1-4112-9e10-5e2ab1a72a4e
9b9707ac-0e52-4a3e-8b36-e68974d3e5d5,Service Line,2003-11-14,2007-02-13,2023-08-16,South,52.13361451167256,4.660920886638879,,698ca764-89bb-4b91-bda0-c2d5a381df66
9c2a84d2-93a1-4fc5-bc1d-bb7227a499a6,Service Line,2014-09-16,2018-12-05,2024-02-20,North,52.13363241167256,4.660920886638879,,9b9707ac-0e52-4a3e-8b36-e68974d3e5d5
7e804c5e-f49a-4f3c-bcd1-74b4589cf199,Service Line,1991-10-19,1996-03-08,2020-05-17,East,52.13365031167256,4.660920886638879,,9c2a84d2-93a1-4fc5-bc1d-bb7227a499a6
e35ffab5-0e44-4b4d-b079-b698cb3f7582,Service Line,2000-01-14,2004-06-09,2021-09-10,South,52.13366821167256,4.660920886638879,,7e804c5e-f49a-4f3c-bcd1-74b4589cf199
2d881fdd-bf9b-41b8-9d4a-9bb9d490ad63,Service Line,1995-09-09,1999-02-19,2024-01-07,North,52.13368611167256,4.660920886638879,,e35ffab5-0e44-4b4d-b079-b698cb3f7582
bc01d468-5a74-4599-b1a9-c05227a4d8b4,Service Line,2009-05-11,2014-04-13,2023-01-19,East,52.13370401167256,4.660920886638879,,2d881fdd-bf9b-41b8-9d4a-9bb9d490ad63

5d6b9bb9-0f28-47b8-8ea2-9a9a295597b2,Service Line,2010-12-30,2014-07-23,2023-10-04,South,52.13354407842256,4.661005686638879,,
a47b2b84-2ab2-47e3-9b85-7b83b34d91f3,Service Line,2002-04-28,2006-05-21,2020-02-06,West,52.13356203842256,4.661005686638879,,5d6b9bb9-0f28-47b8-8ea2-9a9a295597b2
d5dbeff3-c01c-48ca-b33e-27a178b278bc,Service Line,2013-01-22,2017-08-02,2024-06-10,East,52.13358009842256,4.661005686638879,,a47b2b84-2ab2-47e3-9b85-7b83b34d91f3
957c3ac4-4867-4327-b349-12a17b0b6944,Service Line,1990-03-25,1994-11-02,2023-04-27,North,52.13359815842256,4.661005686638879,,d5dbeff3-c01c-48ca-b33e-27a178b278bc
11b15ab0-79e2-4c65-937e-d879039e2386,Service Line,2004-11-01,2008-05-06,2021-02-17,South,52.13361621842256,4.661005686638879,,957c3ac4-4867-4327-b349-12a17b0b6944
af9b93e8-5b62-4672-bbf6-595139433f45,Service Line,2017-11-03,2020-09-21,2024-03-21,West,52.13363427842256,4.661005686638879,,11b15ab0-79e2-4c65-937e-d879039e2386
2f2d82cc-5fa3-40ea-91ed-d88356b2d682,Service Line,2000-06-15,2003-09-18,2020-08-01,East,52.13365233842256,4.661005686638879,,af9b93e8-5b62-4672-bbf6-595139433f45
2e436eb5-07db-418b-bb47-cdb5e6a3caeb,Service Line,1994-10-12,1998-03-23,2024-03-03,West,52.13367039842256,4.661005686638879,,2f2d82cc-5fa3-40ea-91ed-d88356b2d682
1f3e1e8b-0c3c-4314-8054-5a8f75915b1b,Service Line,1991-07-22,1997-06-15,2019-12-25,West,52.13368845842256,4.661005686638879,,2e436eb5-07db-418b-bb47-cdb5e6a3caeb
64d7b82b-3dd2-4ef9-8081-2c94b5b0a5cc,Service Line,1988-04-18,1994-12-03,2023-08-20,West,52.13370651842256,4.661005686638879,,1f3e1e8b-0c3c-4314-8054-5a8f75915b1b

720b6d5d-c62e-4e6f-9b3d-2f7594db1c35,Service Line,1992-11-20,1999-07-31,2020-02-27,West,52.13357527842256,4.661125586638879,,
a6b4b542-746d-4575-8597-ec004d5f1a36,Service Line,1995-03-10,2002-12-18,2024-07-05,West,52.13359323842256,4.661125586638879,,720b6d5d-c62e-4e6f-9b3d-2f7594db1c35
ec60c72b-b0e7-441b-bcf4-4b5bcb5b77ee,Service Line,1987-06-23,1991-10-30,2023-03-17,West,52.13361119842256,4.661125586638879,,a6b4b542-746d-4575-8597-ec004d5f1a36
4d72e940-c1fb-4b82-bd4a-e03b8b5d7dd6,Service Line,1990-05-17,1998-01-12,2022-11-09,West,52.13362915842256,4.661125586638879,,ec60c72b-b0e7-441b-bcf4-4b5bcb5b77ee
f6a07336-8195-4784-9435-9cfa6e0bda9b,Service Line,1986-09-08,1994-03-04,2018-09-29,West,52.13364711842256,4.661125586638879,,4d72e940-c1fb-4b82-bd4a-e03b8b5d7dd6
3a2d5c91-4657-4b88-a177-dfd81565b83a,Service Line,1993-12-01,1999-08-06,2020-06-14,West,52.13366507842256,4.661125586638879,,f6a07336-8195-4784-9435-9cfa6e0bda9b
c5c6d7b8-8057-4d22-927c-d52e3fcd1a64,Service Line,1994-11-18,2000-05-23,2023-01-03,West,52.13368303842256,4.661125586638879,,3a2d5c91-4657-4b88-a177-dfd81565b83a

d1e2f3a4-4567-8901-2def-06789023bcde,Service Line,1993-09-01,1998-04-11,2023-09-15,West,52.13357707842256,4.661213186638879,,
e3f4a5b6-5678-9012-3efd-17890134cdef,Service Line,1994-05-10,2000-11-07,2020-03-23,West,52.13359503842256,4.661213186638879,,d1e2f3a4-4567-8901-2def-06789023bcde
f5a6b7c8-6789-0123-4fde-28901245def0,Service Line,1986-01-19,1992-06-21,2022-04-18,West,52.13361299842256,4.661213186638879,,e3f4a5b6-5678-9012-3efd-17890134cdef
g7c8d9e0-7890-1234-5bef-39012356ef01,Service Line,1991-08-14,1995-12-01,2024-01-09,West,52.13363095842256,4.661213186638879,,f5a6b7c8-6789-0123-4fde-28901245def0
h8e9f0a1-8901-2345-6acf-40123467f012,Service Line,1995-10-26,1999-09-05,2021-10-17,West,52.13364891842256,4.661213186638879,,g7c8d9e0-7890-1234-5bef-39012356ef01
i9f0a1b2-9012-3456-7bdf-51234578f123,Service Line,1990-02-11,1994-05-16,2020-02-28,West,52.13366687842256,4.661213186638879,,h8e9f0a1-8901-2345-6acf-40123467f012
j0a1b2c3-0123-4567-8cef-62345689f234,Service Line,1988-12-15,1992-11-22,2023-03-07,West,52.13368483842256,4.661213186638879,,i9f0a1b2-9012-3456-7bdf-51234578f123

8e85f1e5-19d7-4658-92de-d96b3beed126,Service Line,1989-01-14,1993-09-26,2021-05-13,West,52.13357827842256,4.661271586638879,,
de9d0c67-4645-4925-a5cb-5e3c0b7d6a4f,Service Line,1992-03-29,1997-07-18,2019-08-11,West,52.13359623842256,4.661271586638879,,8e85f1e5-19d7-4658-92de-d96b3beed126
f7b3e7b9-9a9c-493f-bc64-b5e2f60b798f,Service Line,1991-10-25,1996-02-11,2022-02-15,West,52.13361419842256,4.661271586638879,,de9d0c67-4645-4925-a5cb-5e3c0b7d6a4f
3d4f819b-5c3f-42a6-b7ed-4d59d7c9264c,Service Line,1985-02-03,1989-11-07,2021-03-08,West,52.13363215842256,4.661271586638879,,f7b3e7b9-9a9c-493f-bc64-b5e2f60b798f
89b47d23-54c3-44f4-bfd6-94e3f72391ba,Service Line,1986-06-16,1991-02-20,2018-07-02,West,52.13365011842256,4.661271586638879,,3d4f819b-5c3f-42a6-b7ed-4d59d7c9264c
0e89415b-cf7d-4a9d-bc47-c0e6d58e7462,Service Line,1993-05-01,2000-09-09,2023-12-31,West,52.13366807842256,4.661271586638879,,89b47d23-54c3-44f4-bfd6-94e3f72391ba
fc02e154-3854-450b-a6fc-9b7d80e246df,Service Line,1990-10-03,1998-06-21,2022-10-19,West,52.13368603842256,4.661271586638879,,0e89415b-cf7d-4a9d-bc47-c0e6d58e7462

206cdcf6-4dc1-47df-9b78-7ec63c7291c5,Service Line,1987-08-18,1992-04-15,2019-03-04,West,52.13358007842256,4.661359186638879,,
e0f4d6e2-4a68-4b2a-a92c-ec9b8d3f57a3,Service Line,1989-04-10,1996-10-13,2021-12-23,West,52.13359803842256,4.661359186638879,,206cdcf6-4dc1-47df-9b78-7ec63c7291c5
3e2764f5-329f-4b9c-91c3-fb0297e58c71,Service Line,1994-01-14,1999-03-17,2024-08-30,West,52.13361599842256,4.661359186638879,,e0f4d6e2-4a68-4b2a-a92c-ec9b8d3f57a3
dd73b784-6a89-420c-ae2e-b59358d74c3e,Service Line,1995-12-12,2002-05-08,2023-05-12,West,52.13363395842256,4.661359186638879,,3e2764f5-329f-4b9c-91c3-fb0297e58c71
a2b3c4d5-1234-5678-9abc-def4567890ab,Service Line,1990-03-14,1994-07-25,2021-11-02,West,52.13365191842256,4.661359186638879,,dd73b784-6a89-420c-ae2e-b59358d74c3e
b6c7d8e9-2345-6789-0bcd-ef5678901acd,Service Line,1992-06-23,1997-03-19,2020-05-14,West,52.13366987842256,4.661359186638879,,a2b3c4d5-1234-5678-9abc-def4567890ab
c8d9e0f1-3456-7890-1cde-f6789012abcd,Service Line,1987-11-30,1993-08-16,2019-12-06,West,52.13368783842256,4.661359186638879,,b6c7d8e9-2345-6789-0bcd-ef5678901acd

k1b2c3d4-1234-5678-9daf-73456790f345,Service Line,1992-07-19,1996-03-01,2018-06-14,West,52.13358217842256,4.661461386638879,,
l2c3d4e5-2345-6789-0caf-84567801f456,Service Line,1995-11-23,1998-12-03,2024-07-30,West,52.13360013842256,4.661461386638879,,k1b2c3d4-1234-5678-9daf-73456790f345
m3d4e5f6-3456-7890-1daf-95678912f567,Service Line,1993-03-02,1999-02-09,2021-05-04,West,52.13361809842256,4.661461386638879,,l2c3d4e5-2345-6789-0caf-84567801f456
n4e5f6a7-4567-8901-2ebf-a56789023f678,Service Line,1989-08-31,1991-12-20,2019-09-27,West,52.13363605842256,4.661461386638879,,m3d4e5f6-3456-7890-1daf-95678912f567
o5f6a7b8-5678-9012-3fbf-b67890134f789,Service Line,1990-10-20,1995-05-13,2023-12-10,West,52.13365401842256,4.661461386638879,,n4e5f6a7-4567-8901-2ebf-a56789023f678
p6a7b8c9-6789-0123-4cbf-c78901245f890,Service Line,1994-01-08,2000-06-25,2022-06-23,West,52.13367197842256,4.661461386638879,,o5f6a7b8-5678-9012-3fbf-b67890134f789
q7b8c9d0-7890-1234-5dbf-d89012356f901,Service Line,1991-06-18,1997-03-29,2018-02-05,West,52.13368993842256,4.661461386638879,,p6a7b8c9-6789-0123-4cbf-c78901245f890

r8c9d0e1-8901-2345-6ebf-e90123467f012,Service Line,1995-04-13,2000-08-08,2023-04-30,West,52.13358337842256,4.661519786638879,,
s9d0e1f2-9012-3456-7fbf-f01234578f123,Service Line,1986-07-27,1990-02-14,2021-11-20,West,52.13360133842256,4.661519786638879,,r8c9d0e1-8901-2345-6ebf-e90123467f012
t0e1f2a3-0123-4567-8gbf-01234589f234,Service Line,1987-05-12,1991-08-11,2020-08-16,West,52.13361929842256,4.661519786638879,,s9d0e1f2-9012-3456-7fbf-f01234578f123
u1f2a3b4-1234-5678-9hbf-12345690f345,Service Line,1992-09-09,1998-05-01,2019-10-23,West,52.13363725842256,4.661519786638879,,t0e1f2a3-0123-4567-8gbf-01234589f234
v2a3b4c5-2345-6789-0ibf-23456701f456,Service Line,1990-12-28,1995-06-03,2023-08-19,West,52.13365521842256,4.661519786638879,,u1f2a3b4-1234-5678-9hbf-12345690f345
w3b4c5d6-3456-7890-1jbf-34567812f567,Service Line,1993-07-05,1997-09-11,2021-07-14,West,52.13367317842256,4.661519786638879,,v2a3b4c5-2345-6789-0ibf-23456701f456
x4c5d6e7-4567-8901-2kbf-45678923f678,Service Line,1988-01-21,1992-10-16,2020-11-27,West,52.13369113842256,4.661519786638879,,w3b4c5d6-3456-7890-1jbf-34567812f567

y5d6e7f8-5678-9012-3lbf-56789034f789,Service Line,1991-02-02,1995-08-22,2022-12-03,West,52.13358547842256,4.661621986638879,,
z6e7f8a9-6789-0123-4mbf-67890145f890,Service Line,1994-06-18,1999-01-13,2018-04-22,West,52.13360343842256,4.661621986638879,,y5d6e7f8-5678-9012-3lbf-56789034f789
a7f8a9b0-7890-1234-5nbf-78901256f901,Service Line,1992-08-11,1996-02-19,2023-06-02,West,52.13362139842256,4.661621986638879,,z6e7f8a9-6789-0123-4mbf-67890145f890
b8a9b0c1-8901-2345-6obf-89012367f012,Service Line,1995-01-24,1998-10-09,2021-01-29,West,52.13363935842256,4.661621986638879,,a7f8a9b0-7890-1234-5nbf-78901256f901
c9b0c1d2-9012-3456-7pbf-90123478f123,Service Line,1987-04-05,1991-12-14,2020-02-10,West,52.13365731842256,4.661621986638879,,b8a9b0c1-8901-2345-6obf-89012367f012
d0c1d2e3-0123-4567-8qbf-01234589f234,Service Line,1990-03-30,1996-07-20,2023-10-14,West,52.13367527842256,4.661621986638879,,c9b0c1d2-9012-3456-7pbf-90123478f123
e1d2e3f4-1234-5678-9rbf-12345690f345,Service Line,1991-05-18,1994-09-23,2018-08-07,West,52.13369323842256,4.661621986638879,,d0c1d2e3-0123-4567-8qbf-01234589f234

f2e3f4a5-2345-6789-0sbf-23456701f456,Service Line,1993-09-07,1997-03-03,2020-12-31,West,52.13375191837715,4.661855586638879,,
g3f4a5b6-3456-7890-1tbf-34567812f567,Service Line,1988-12-14,1993-05-17,2022-05-13,West,52.13375191837715,4.661837686638879,,f2e3f4a5-2345-6789-0sbf-23456701f456
h4a5b6c7-4567-8901-2ubf-45678923f678,Service Line,1992-04-19,1999-08-06,2021-09-09,West,52.13375191837715,4.661819786638879,,g3f4a5b6-3456-7890-1tbf-34567812f567
i5b6c7d8-5678-9012-3vbf-56789034f789,Service Line,1995-11-02,1998-10-27,2023-11-30,West,52.13375191837715,4.661801886638879,,h4a5b6c7-4567-8901-2ubf-45678923f678
j6c7d8e9-6789-0123-4wbf-67890145f890,Service Line,1989-07-09,1994-12-12,2019-11-15,West,52.13375191837715,4.661783986638879,,i5b6c7d8-5678-9012-3vbf-56789034f789
f3b8d9f8-22f7-0134-5cde-4567f89ad234,Service Line,1990-05-13,1995-07-18,2020-04-01,North,52.13375191837715,4.661766086638879,,j6c7d8e9-6789-0123-4wbf-67890145f890
b2f5d7e6-66d8-8b5e-4d01-667d8e9adf56,Service Line,1991-03-02,1996-09-15,2021-03-23,South,52.13375191837715,4.661748186638879,,f3b8d9f8-22f7-0134-5cde-4567f89ad234
a4d8b9a1-78ab-0123-4cbd-6678a1b6d789,Service Line,1992-04-07,1997-02-10,2022-02-14,East,52.13375191837715,4.661730286638879,,b2f5d7e6-66d8-8b5e-4d01-667d8e9adf56
d7b8d6a7-89ab-2345-9cde-7890d1a0df21,Service Line,1993-06-10,1998-11-20,2023-08-09,West,52.13375191837715,4.661712386638879,,a4d8b9a1-78ab-0123-4cbd-6678a1b6d789
c6b7a8a5-01cd-4e32-a678-5b9b0d9d2e56,Service Line,1994-11-25,1999-07-14,2024-02-11,North,52.13375191837715,4.661694486638879,,d7b8d6a7-89ab-2345-9cde-7890d1a0df21
e1c5d0a8-23d6-4f56-9b8a-7661c3d2a865,Service Line,1995-02-03,2000-05-18,2023-11-29,South,52.13375191837715,4.661676586638879,,c6b7a8a5-01cd-4e32-a678-5b9b0d9d2e56
f7b8d3c0-47f6-47d1-bf68-6e9b4a9d3b8e,Service Line,1996-07-23,2001-01-12,2024-01-17,East,52.13375191837715,4.661658686638879,,e1c5d0a8-23d6-4f56-9b8a-7661c3d2a865
e6b3b8c6-64e5-423a-b2b8-672d8e4c1e24,Service Line,1997-05-21,2002-09-25,2023-09-16,West,52.13375191837715,4.661640786638879,,f7b8d3c0-47f6-47d1-bf68-6e9b4a9d3b8e
d9c3a1f7-79b8-47d8-8a6c-4e6c8f9e2b5b,Service Line,1998-09-19,2003-03-30,2022-12-22,North,52.13375191837715,4.661622886638879,,e6b3b8c6-64e5-423a-b2b8-672d8e4c1e24

c9a7b2f6-3d8e-47f8-b5c8-89c3a1b6d923,Service Line,1999-12-05,2004-07-18,2024-04-29,South,52.133805798362,4.661855586638879,,
b1c3a9e4-58f9-428a-84b8-4f7e4b6d9234,Service Line,2000-03-19,2005-10-11,2021-10-25,East,52.133805798362,4.661837686638879,,c9a7b2f6-3d8e-47f8-b5c8-89c3a1b6d923
d3c4b5a6-84a6-4d34-8e3b-9d4c5a4b6c7f,Service Line,2001-01-11,2006-02-22,2023-07-30,West,52.133805798362,4.661819786638879,,b1c3a9e4-58f9-428a-84b8-4f7e4b6d9234
f0b6c9a8-63a1-42b4-b9a5-2d7f9c9d5b7f,Service Line,2002-05-25,2007-08-11,2024-06-18,North,52.133805798362,4.661801886638879,,d3c4b5a6-84a6-4d34-8e3b-9d4c5a4b6c7f
a7d3e8c2-24a6-44c5-b5a3-5f7e7e6c9b6f,Service Line,2003-10-02,2008-04-15,2022-01-07,South,52.133805798362,4.661783986638879,,f0b6c9a8-63a1-42b4-b9a5-2d7f9c9d5b7f
b9e6d7f5-91a7-4bc9-9b8b-8e7c9a4d0b9b,Service Line,2004-08-09,2009-12-06,2023-10-01,East,52.133805798362,4.661766086638879,,a7d3e8c2-24a6-44c5-b5a3-5f7e7e6c9b6f
e5a8c2d3-97a4-49b7-97b9-6c9b5b8c9b0f,Service Line,2005-06-23,2010-07-10,2024-07-27,West,52.133805798362,4.661748186638879,,b9e6d7f5-91a7-4bc9-9b8b-8e7c9a4d0b9b
f6c9d2e4-45d7-417d-b6a1-1b3d5b9e8f7f,Service Line,2006-11-29,2011-09-01,2024-02-06,North,52.133805798362,4.661730286638879,,e5a8c2d3-97a4-49b7-97b9-6c9b5b8c9b0f
a9c7d9b3-47e2-4b4c-b2b3-2b7d5b4f6d5f,Service Line,2007-12-11,2012-03-23,2022-05-09,South,52.133805798362,4.661712386638879,,f6c9d2e4-45d7-417d-b6a1-1b3d5b9e8f7f
d5a8e7b5-59d0-413e-a8f5-1e9b8d4c4b8f,Service Line,2008-01-15,2013-10-19,2023-05-17,East,52.133805798362,4.661694486638879,,a9c7d9b3-47e2-4b4c-b2b3-2b7d5b4f6d5f
c7e1f8d2-93c8-4bc3-89a6-4b3f7a1b8d9f,Service Line,2009-07-05,2014-02-26,2024-05-15,West,52.133805798362,4.661676586638879,,d5a8e7b5-59d0-413e-a8f5-1e9b8d4c4b8f
b0d9d8a6-43e3-462c-b8b6-5b2d9e7a3f8f,Service Line,2010-09-10,2015-03-22,2022-07-08,North,52.133805798362,4.661658686638879,,c7e1f8d2-93c8-4bc3-89a6-4b3f7a1b8d9f
c4a8f1d3-83f8-4d2f-bf5a-6b7a9d6f6b9f,Service Line,2011-04-16,2016-06-30,2024-03-01,South,52.133805798362,4.661640786638879,,b0d9d8a6-43e3-462c-b8b6-5b2d9e7a3f8f
a3e6d4b2-5b9e-4a3f-b2c6-7e1f8a9e4c2f,Service Line,2012-02-19,2017-04-05,2023-10-15,East,52.133805798362,4.661622886638879,,c4a8f1d3-83f8-4d2f-bf5a-6b7a9d6f6b9f

f1b7e8c1-9c7d-415f-a8b2-3e9f7a6e5d4f,Service Line,2013-07-25,2018-11-14,2023-09-07,West,52.13385967834687,4.661855586638879,,
d8c2f9d5-13d8-4d02-b5a1-8b2f5a4f7a7f,Service Line,2014-08-10,2019-12-06,2024-08-03,North,52.13385967834687,4.661837686638879,,f1b7e8c1-9c7d-415f-a8b2-3e9f7a6e5d4f
e3a2c4e4-94f1-44bb-8f9c-7d3b0f6a1e5f,Service Line,2015-01-14,2020-03-01,2022-09-29,South,52.13385967834687,4.661819786638879,,d8c2f9d5-13d8-4d02-b5a1-8b2f5a4f7a7f
b4e5a3a7-3f6b-4f21-b1b2-4d7e1d6f5c3f,Service Line,2016-04-01,2021-01-17,2023-12-14,East,52.13385967834687,4.661801886638879,,e3a2c4e4-94f1-44bb-8f9c-7d3b0f6a1e5f
c2a7d8e8-67a1-4d72-b8a3-8e1c6f8d9a6f,Service Line,2017-12-10,2022-07-05,2024-01-04,West,52.13385967834687,4.661783986638879,,b4e5a3a7-3f6b-4f21-b1b2-4d7e1d6f5c3f
a6d9e4c9-12f4-4792-b3d4-6c2d5b7c4b7f,Service Line,2018-03-15,2023-10-17,2024-07-13,North,52.13385967834687,4.661766086638879,,c2a7d8e8-67a1-4d72-b8a3-8e1c6f8d9a6f
b1e8a5f0-23c7-4e24-b7d6-9b7f9a0d4b9f,Service Line,2019-11-08,2024-02-04,2023-08-26,South,52.13385967834687,4.661748186638879,,a6d9e4c9-12f4-4792-b3d4-6c2d5b7c4b7f
f7c5d7d3-45e1-4c2b-b9c6-2e0f5b7d7a6f,Service Line,2020-05-22,2024-09-17,2024-04-18,East,52.13385967834687,4.661730286638879,,b1e8a5f0-23c7-4e24-b7d6-9b7f9a0d4b9f
c4e9f3d4-56a9-4c83-bb9e-1a5f8d7c1b3f,Service Line,2021-02-03,2024-06-14,2023-12-31,West,52.13385967834687,4.661712386638879,,f7c5d7d3-45e1-4c2b-b9c6-2e0f5b7d7a6f
d9a8f2c8-7f7f-4e89-92f4-6c2d5b5f7f2f,Service Line,2022-08-21,2024-04-09,2024-09-22,North,52.13385967834687,4.661694486638879,,c4e9f3d4-56a9-4c83-bb9e-1a5f8d7c1b3f
b8c4e1f1-22d4-4c13-8a9e-3a7e8d9a6b8f,Service Line,2023-07-02,2024-01-28,2024-06-12,South,52.13385967834687,4.661676586638879,,d9a8f2c8-7f7f-4e89-92f4-6c2d5b5f7f2f
a7b5d9e2-49d2-4f21-b8b8-9a4e7d5a3d5f,Service Line,2024-04-19,2024-10-03,2024-07-05,East,52.13385967834687,4.661658686638879,,b8c4e1f1-22d4-4c13-8a9e-3a7e8d9a6b8f
f4a6c3a7-83d7-4f53-bb1e-1f0c9e4a5e3f,Service Line,2024-11-09,2024-07-24,2024-08-22,West,52.13385967834687,4.661640786638879,,a7b5d9e2-49d2-4f21-b8b8-9a4e7d5a3d5f
b6c8a9f7-29f4-4f0f-8d2a-2f0d8a0e1f8f,Service Line,2024-03-12,2024-05-15,2024-12-10,North,52.13385967834687,4.661622886638879,,f4a6c3a7-83d7-4f53-bb1e-1f0c9e4a5e3f

d4e8c7b9-73b1-427d-9c0f-3c9d8e2a4e9f,Service Line,2023-12-16,2024-02-22,2024-06-18,South,52.13389559833678,4.661855586638879,,
b2e3c5a9-89c2-4d9c-bf5d-1f8e8d7b6e7f,Service Line,2024-02-24,2024-08-29,2024-05-14,East,52.13389559833678,4.661837686638879,,d4e8c7b9-73b1-427d-9c0f-3c9d8e2a4e9f
c7e3b1a2-79f1-4237-b5d6-3e9e9c7f2e7f,Service Line,2024-01-11,2024-09-19,2024-03-07,West,52.13389559833678,4.661819786638879,,b2e3c5a9-89c2-4d9c-bf5d-1f8e8d7b6e7f
f9b7c2e2-28f2-43a6-b8c7-9a5b5c3a7f4f,Service Line,2023-07-06,2024-04-13,2024-12-15,North,52.13389559833678,4.661801886638879,,c7e3b1a2-79f1-4237-b5d6-3e9e9c7f2e7f
c9d1e6c6-63b0-4c1a-bf6c-1e7e1a6f0a5f,Service Line,2024-05-28,2024-03-16,2024-11-30,South,52.13389559833678,4.661783986638879,,f9b7c2e2-28f2-43a6-b8c7-9a5b5c3a7f4f
d8a1f7c8-45b1-4a4a-80e1-b3f2b0a1a9bb,Service Line,1991-01-15,1996-07-02,2023-09-18,East,52.13389559833678,4.661766086638879,,c9d1e6c6-63b0-4c1a-bf6c-1e7e1a6f0a5f
b2c3e4f6-7f8a-4234-baf2-c6a1a312a9cc,Service Line,1995-02-11,2001-09-10,2023-05-21,North,52.13389559833678,4.661748186638879,,d8a1f7c8-45b1-4a4a-80e1-b3f2b0a1a9bb
a3d4e5b9-3a4b-4278-bf0a-7465f7d3fcd4,Service Line,2002-05-12,2006-02-01,2021-08-14,West,52.13389559833678,4.661730286638879,,b2c3e4f6-7f8a-4234-baf2-c6a1a312a9cc
f8c1b9d4-6123-4f80-9e41-5b7319bb0a63,Service Line,1990-07-01,1997-06-18,2022-12-09,South,52.13389559833678,4.661712386638879,,a3d4e5b9-3a4b-4278-bf0a-7465f7d3fcd4
c9d2f0b8-4a1c-4b38-b76c-2d8baf0e5732,Service Line,1993-04-05,1999-12-11,2020-04-23,East,52.13389559833678,4.661694486638879,,f8c1b9d4-6123-4f80-9e41-5b7319bb0a63
e1d2a6c9-6f3b-49a0-8b9f-9ac9326fb9d5,Service Line,1999-03-20,2005-08-10,2024-02-27,South,52.13389559833678,4.661676586638879,,c9d2f0b8-4a1c-4b38-b76c-2d8baf0e5732
d4e1a6b8-5c8f-46c8-bbb3-d9020567793a,Service Line,2000-12-18,2004-09-05,2022-06-14,North,52.13389559833678,4.661658686638879,,e1d2a6c9-6f3b-49a0-8b9f-9ac9326fb9d5
a1f8c0e7-3a4a-46e3-a35e-97c0c5a92a59,Service Line,1988-02-02,1994-08-19,2024-01-02,West,52.13389559833678,4.661640786638879,,d4e1a6b8-5c8f-46c8-bbb3-d9020567793a
c6a5e7d8-2a7a-4d73-94e5-4f5b8f41b7a3,Service Line,1997-11-11,2002-01-03,2023-07-15,South,52.13389559833678,4.661622886638879,,a1f8c0e7-3a4a-46e3-a35e-97c0c5a92a59

e3d6b0a2-85b1-4b36-bac2-7c5f7f6a0e6f,Service Line,2008-09-17,2012-04-25,2020-02-14,East,52.13394947832164,4.661855586638879,,
d2e8f9c6-7d21-4771-83e5-5baf6b0aebbe,Service Line,2003-06-28,2009-01-30,2021-07-10,West,52.13394947832164,4.661837686638879,,e3d6b0a2-85b1-4b36-bac2-7c5f7f6a0e6f
e4b1c0a7-846d-4f9c-b62c-8427cd9f0b2d,Service Line,2010-04-03,2016-12-15,2023-10-12,North,52.13394947832164,4.661819786638879,,d2e8f9c6-7d21-4771-83e5-5baf6b0aebbe
c7d0f8b1-4f8e-4125-babb-29a56a3cc18d,Service Line,1994-08-19,1998-11-30,2024-03-01,South,52.13394947832164,4.661801886638879,,e4b1c0a7-846d-4f9c-b62c-8427cd9f0b2d
a3f9b2d2-1f5a-4e9c-83b9-2abfbe345680,Service Line,2005-07-10,2011-01-05,2022-11-28,West,52.13394947832164,4.661783986638879,,c7d0f8b1-4f8e-4125-babb-29a56a3cc18d
f6c7e8d2-91b4-4c88-b6ea-fccab91204f0,Service Line,2006-11-08,2012-08-14,2023-02-09,North,52.13394947832164,4.661766086638879,,a3f9b2d2-1f5a-4e9c-83b9-2abfbe345680
c2a6d9b8-5d1b-4324-bf3d-6bbadff55cba,Service Line,1992-01-03,1996-09-20,2020-05-12,East,52.13394947832164,4.661748186638879,,f6c7e8d2-91b4-4c88-b6ea-fccab91204f0
b9f1c5d3-741b-4f84-b900-d9c2096e6231,Service Line,1996-04-22,2003-10-30,2024-03-20,South,52.13394947832164,4.661730286638879,,c2a6d9b8-5d1b-4324-bf3d-6bbadff55cba
f8c0b1a2-9d01-4232-b9c1-b2346a9e3012,Service Line,2009-07-15,2015-11-20,2022-09-04,West,52.13394947832164,4.661712386638879,,b9f1c5d3-741b-4f84-b900-d9c2096e6231
d3e2a9b3-28b4-4c79-94c9-e967ab44e779,Service Line,2000-11-10,2006-06-12,2023-12-01,North,52.13394947832164,4.661694486638879,,f8c0b1a2-9d01-4232-b9c1-b2346a9e3012
c9f1d8a2-2f4c-48db-803b-cd0af2819d5f,Service Line,1991-09-02,1997-04-12,2021-11-30,East,52.13394947832164,4.661676586638879,,d3e2a9b3-28b4-4c79-94c9-e967ab44e779
a8f9d7b5-9b2b-426f-b65e-0d4e82f1cfe5,Service Line,2011-10-14,2015-03-23,2023-06-09,South,52.13394947832164,4.661658686638879,,c9f1d8a2-2f4c-48db-803b-cd0af2819d5f
d9a7c8f3-5d3c-4c98-b88b-d072abbb99a6,Service Line,2004-05-29,2008-12-06,2022-07-30,West,52.13394947832164,4.661640786638879,,a8f9d7b5-9b2b-426f-b65e-0d4e82f1cfe5
e8b7d0b1-0c8a-4fe5-aaff-c5ccf6be3bb7,Service Line,1995-09-03,2002-02-19,2024-01-25,North,52.13394947832164,4.661622886638879,,d9a7c8f3-5d3c-4c98-b88b-d072abbb99a6